group,slope_oa_prc
Pharma,3.0510238390030167
Uni,1.6520623792864697
